{
  "topic_representations": {
    "0": [
      [
        "people",
        0.014664159120760313
      ],
      [
        "say",
        0.011785339572777394
      ],
      [
        "applause",
        0.01147352249693196
      ],
      [
        "know",
        0.01102699548364431
      ],
      [
        "president",
        0.010321499996151094
      ],
      [
        "america",
        0.010063151509126992
      ],
      [
        "make",
        0.009998593864322777
      ],
      [
        "want",
        0.009953730944147724
      ],
      [
        "year",
        0.00964181501066918
      ],
      [
        "thank",
        0.008938618095440722
      ]
    ],
    "1": [
      [
        "year",
        0.012482368953358027
      ],
      [
        "people",
        0.012175618250257573
      ],
      [
        "america",
        0.010242925834419984
      ],
      [
        "world",
        0.010150453134334289
      ],
      [
        "nation",
        0.009169337153477796
      ],
      [
        "work",
        0.00914348173601935
      ],
      [
        "make",
        0.009005571434972682
      ],
      [
        "new",
        0.008917325506060541
      ],
      [
        "american",
        0.008347379416215257
      ],
      [
        "know",
        0.007487661537767654
      ]
    ],
    "2": [
      [
        "government",
        0.014039615599247966
      ],
      [
        "states",
        0.011770311039122816
      ],
      [
        "make",
        0.009226534406657133
      ],
      [
        "united",
        0.009098659689575728
      ],
      [
        "united states",
        0.008954431676743218
      ],
      [
        "public",
        0.008536031055804966
      ],
      [
        "congress",
        0.008022882244204376
      ],
      [
        "country",
        0.007932021555748108
      ],
      [
        "law",
        0.007527466975338398
      ],
      [
        "power",
        0.007377742070662971
      ]
    ],
    "3": [
      [
        "world",
        0.013414683227863744
      ],
      [
        "people",
        0.012545345682411132
      ],
      [
        "peace",
        0.012522091559051853
      ],
      [
        "war",
        0.012255592845801092
      ],
      [
        "president",
        0.010664044927366782
      ],
      [
        "united",
        0.009949159664433185
      ],
      [
        "nation",
        0.009390860901322145
      ],
      [
        "make",
        0.008539311029948331
      ],
      [
        "force",
        0.008193573030250634
      ],
      [
        "year",
        0.00777279673492939
      ]
    ],
    "4": [
      [
        "government",
        0.01207619023938555
      ],
      [
        "law",
        0.011077973980490072
      ],
      [
        "states",
        0.010976469739055831
      ],
      [
        "make",
        0.009385436712089437
      ],
      [
        "congress",
        0.0089116389241559
      ],
      [
        "united states",
        0.008148990319607875
      ],
      [
        "united",
        0.008093266093115378
      ],
      [
        "power",
        0.008091382024995661
      ],
      [
        "state",
        0.007659242215674194
      ],
      [
        "country",
        0.007132343491823779
      ]
    ],
    "5": [
      [
        "people",
        0.010647827343959535
      ],
      [
        "government",
        0.009815202947925084
      ],
      [
        "world",
        0.009312610928455258
      ],
      [
        "nation",
        0.008975693424035027
      ],
      [
        "man",
        0.008971587587027673
      ],
      [
        "make",
        0.008583016758144298
      ],
      [
        "year",
        0.008219453173503269
      ],
      [
        "great",
        0.008204194726836542
      ],
      [
        "american",
        0.008114117024265455
      ],
      [
        "time",
        0.007124743422137964
      ]
    ],
    "6": [
      [
        "states",
        0.02065502649033331
      ],
      [
        "united states",
        0.01571183549782902
      ],
      [
        "united",
        0.01557652535666841
      ],
      [
        "government",
        0.014148537833604188
      ],
      [
        "state",
        0.012115720925096225
      ],
      [
        "law",
        0.011653264869012588
      ],
      [
        "shall",
        0.009222913083617933
      ],
      [
        "make",
        0.008701452046543533
      ],
      [
        "congress",
        0.007858188668350604
      ],
      [
        "constitution",
        0.007759462401314672
      ]
    ],
    "7": [
      [
        "government",
        0.012845491406278036
      ],
      [
        "states",
        0.010372553680270628
      ],
      [
        "make",
        0.009366713739923246
      ],
      [
        "congress",
        0.009003813727774234
      ],
      [
        "year",
        0.008558163062329035
      ],
      [
        "country",
        0.008422049553064276
      ],
      [
        "united states",
        0.008398954586536824
      ],
      [
        "united",
        0.00838217013282762
      ],
      [
        "great",
        0.008063427220858985
      ],
      [
        "public",
        0.007549464319226874
      ]
    ],
    "8": [
      [
        "states",
        0.018109062929651126
      ],
      [
        "united states",
        0.01663258563109625
      ],
      [
        "united",
        0.016436804555613024
      ],
      [
        "government",
        0.014887107132656861
      ],
      [
        "treaty",
        0.009780348414456203
      ],
      [
        "congress",
        0.008248645443961259
      ],
      [
        "state",
        0.008010958678937155
      ],
      [
        "country",
        0.007564078331507609
      ],
      [
        "make",
        0.0074455990578320246
      ],
      [
        "law",
        0.007176562415050815
      ]
    ],
    "9": [
      [
        "mr",
        0.033332272351943686
      ],
      [
        "president",
        0.026105505966644075
      ],
      [
        "think",
        0.01908556747267334
      ],
      [
        "say",
        0.01577139429441195
      ],
      [
        "people",
        0.01498246953033849
      ],
      [
        "question",
        0.01138628336354817
      ],
      [
        "year",
        0.01126919192531402
      ],
      [
        "senator",
        0.011224506854287622
      ],
      [
        "governor",
        0.010919283271599163
      ],
      [
        "make",
        0.010782272810348643
      ]
    ]
  },
  "topics": [
    4,
    2,
    6,
    1,
    8,
    3,
    5,
    5,
    4,
    7,
    2,
    0,
    5,
    1,
    2,
    3,
    8,
    1,
    1,
    1,
    2,
    2,
    7,
    1,
    6,
    5,
    1,
    5,
    1,
    4,
    2,
    7,
    4,
    0,
    4,
    1,
    0,
    2,
    0,
    0,
    1,
    4,
    2,
    1,
    7,
    4,
    6,
    4,
    4,
    4,
    2,
    6,
    0,
    8,
    1,
    2,
    7,
    4,
    6,
    7,
    0,
    4,
    0,
    3,
    0,
    6,
    3,
    4,
    4,
    3,
    8,
    6,
    0,
    0,
    1,
    0,
    6,
    1,
    3,
    1,
    5,
    3,
    7,
    9,
    1,
    6,
    0,
    3,
    3,
    5,
    3,
    0,
    4,
    1,
    8,
    4,
    2,
    1,
    3,
    5,
    2,
    0,
    5,
    1,
    6,
    9,
    0,
    5,
    3,
    7,
    3,
    7,
    4,
    0,
    4,
    9,
    2,
    6,
    8,
    1,
    0,
    2,
    1,
    3,
    0,
    7,
    2,
    5,
    3,
    6,
    1,
    5,
    3,
    0,
    1,
    0,
    1,
    1,
    3,
    3,
    3,
    0,
    3,
    4,
    2,
    4,
    7,
    5,
    1,
    0,
    3,
    5,
    4,
    7,
    0,
    4,
    2,
    2,
    1,
    5,
    7,
    0,
    2,
    3,
    1,
    6,
    8,
    1,
    5,
    0,
    4,
    3,
    7,
    7,
    9,
    5,
    7,
    4,
    3,
    1,
    1,
    8,
    5,
    4,
    6,
    2,
    5,
    2,
    3,
    0,
    8,
    3,
    4,
    8,
    3,
    0,
    5,
    6,
    1,
    2,
    3,
    4,
    3,
    2,
    1,
    7,
    7,
    6,
    3,
    1,
    8,
    2,
    1,
    2,
    0,
    5,
    1,
    8,
    3,
    1,
    5,
    8,
    6,
    5,
    2,
    1,
    4,
    3,
    8,
    2,
    0,
    1,
    7,
    3,
    1,
    1,
    4,
    4,
    4,
    8,
    0,
    6,
    7,
    0,
    7,
    2,
    2,
    4,
    3,
    7,
    8,
    4,
    8,
    7,
    4,
    4,
    0,
    7,
    9,
    7,
    0,
    2,
    3,
    4,
    3,
    4,
    2,
    5,
    2,
    1,
    4,
    9,
    2,
    2,
    9,
    1,
    5,
    0,
    7,
    0,
    8,
    4,
    1,
    5,
    0,
    2,
    9,
    6,
    7,
    1,
    0,
    3,
    4,
    8,
    7,
    3,
    0,
    3,
    4,
    0,
    7,
    0,
    1,
    3,
    6,
    6,
    1,
    2,
    0,
    1,
    5,
    6,
    8,
    4,
    2,
    4,
    3,
    1,
    6,
    0,
    0,
    2,
    3,
    1,
    6,
    0,
    8,
    5,
    0,
    1,
    8,
    0,
    0,
    1,
    6,
    2,
    8,
    2,
    6,
    8,
    5,
    4,
    7,
    6,
    0,
    1,
    4,
    0,
    2,
    8,
    2,
    5,
    1,
    0,
    1,
    3,
    3,
    5,
    1,
    5,
    7,
    3,
    2,
    3,
    7,
    1,
    4,
    0,
    1,
    6,
    5,
    4,
    5,
    5,
    7,
    4,
    5,
    0,
    7,
    4,
    1,
    0,
    0,
    3,
    1,
    1,
    3,
    4,
    5,
    1,
    5,
    9,
    2,
    4,
    0,
    5,
    7,
    7,
    2,
    1,
    0,
    2,
    0,
    0,
    3,
    0,
    1,
    5,
    1,
    2,
    3,
    1,
    7,
    2,
    7,
    1,
    3,
    0,
    0,
    0,
    0,
    6,
    3,
    5,
    0,
    4,
    8,
    5,
    1,
    1,
    6,
    5,
    0,
    2,
    2,
    5,
    7,
    3,
    9,
    3,
    0,
    5,
    0,
    7,
    1,
    5,
    4,
    7,
    3,
    0,
    4,
    7,
    0,
    7,
    5,
    5,
    5,
    3,
    8,
    9,
    2,
    2,
    1,
    8,
    8,
    2,
    0,
    1,
    3,
    8,
    5,
    7,
    5,
    6,
    0,
    0,
    1,
    7,
    2,
    1,
    5,
    5,
    3,
    6,
    5,
    2,
    0,
    5,
    1,
    0,
    5,
    5,
    6,
    5,
    5,
    4,
    6,
    7,
    1,
    7,
    3,
    4,
    0,
    3,
    3,
    7,
    7,
    6,
    2,
    0,
    8,
    0,
    5,
    4,
    1,
    5,
    3,
    6,
    4,
    0,
    0,
    4,
    0,
    1,
    0,
    3,
    2,
    8,
    0,
    7,
    0,
    2,
    1,
    2,
    1,
    7,
    4,
    0,
    3,
    5,
    2,
    7,
    7,
    2,
    0,
    3,
    5,
    3,
    1,
    2,
    5,
    4,
    6,
    5,
    6,
    0,
    0,
    0,
    5,
    0,
    2,
    8,
    8,
    6,
    1,
    0,
    8,
    3,
    2,
    6,
    0,
    2,
    1,
    6,
    3,
    2,
    4,
    0,
    5,
    1,
    0,
    4,
    2,
    3,
    0,
    6,
    7,
    3,
    2,
    2,
    0,
    0,
    6,
    2,
    8,
    1,
    0,
    8,
    0,
    0,
    5,
    9,
    7,
    1,
    7,
    8,
    0,
    4,
    7,
    8,
    0,
    3,
    2,
    2,
    2,
    6,
    8,
    8,
    6,
    1,
    1,
    3,
    4,
    4,
    1,
    2,
    8,
    0,
    2,
    6,
    6,
    6,
    5,
    4,
    1,
    1,
    9,
    4,
    6,
    3,
    0,
    2,
    6,
    3,
    6,
    0,
    3,
    1,
    8,
    6,
    5,
    4,
    1,
    8,
    1,
    4,
    1,
    1,
    6,
    0,
    1,
    2,
    8,
    4,
    0,
    4,
    5,
    3,
    3,
    4,
    8,
    0,
    4,
    0,
    0,
    0,
    8,
    7,
    7,
    8,
    8,
    2,
    2,
    5,
    4,
    6,
    2,
    0,
    4,
    4,
    1,
    6,
    7,
    6,
    1,
    0,
    0,
    2,
    3,
    6,
    0,
    7,
    8,
    6,
    5,
    5,
    2,
    3,
    0,
    0,
    2,
    6,
    1,
    7,
    0,
    6,
    2,
    5,
    0,
    0,
    2,
    8,
    0,
    3,
    3,
    7,
    0,
    1,
    4,
    2,
    1,
    0,
    0,
    5,
    3,
    3,
    3,
    0,
    2,
    4,
    2,
    2,
    0,
    6,
    5,
    0,
    0,
    6,
    7,
    1,
    7,
    4,
    4,
    5,
    7,
    3,
    2,
    6,
    6,
    3,
    8,
    8,
    8,
    4,
    3,
    5,
    6,
    6,
    4,
    0,
    1,
    7,
    6,
    3,
    0,
    4,
    2,
    0,
    1,
    2,
    3,
    5,
    8,
    6,
    2,
    6,
    2,
    8,
    8,
    8,
    4,
    0,
    4,
    2,
    6,
    6,
    3,
    1,
    2,
    6,
    3,
    1,
    0,
    1,
    0,
    4,
    7,
    2,
    3,
    1,
    5,
    2,
    1,
    1,
    4,
    3,
    8,
    1,
    1,
    1,
    6,
    6,
    0,
    6,
    4,
    3,
    4,
    3,
    4,
    4,
    1,
    6,
    0,
    2,
    0,
    5,
    5,
    1,
    5,
    5,
    4,
    1,
    8,
    2,
    1,
    5,
    7,
    2,
    0,
    3,
    7,
    1,
    6,
    2,
    2,
    0,
    3,
    3,
    4,
    4,
    2,
    4,
    8,
    1,
    2,
    6,
    0,
    0,
    5,
    7,
    8,
    7,
    5,
    6,
    5,
    5,
    2,
    6,
    7,
    0,
    0,
    3,
    2,
    3,
    2,
    5,
    2,
    3,
    3,
    7,
    3,
    8,
    4,
    7,
    1,
    3,
    2,
    2,
    1,
    3,
    4,
    1,
    8,
    1,
    5,
    2,
    1,
    1,
    1,
    6,
    0,
    2,
    0,
    3,
    1,
    5,
    2,
    1,
    4,
    8,
    5,
    0,
    1,
    0,
    8,
    5,
    8,
    1,
    1,
    7,
    2,
    3,
    0,
    0,
    6,
    0,
    1,
    0,
    6,
    4,
    5,
    0,
    5,
    2,
    1,
    7,
    1,
    7,
    4,
    2,
    5,
    7,
    4,
    8,
    3,
    0,
    3,
    4,
    0,
    7,
    6,
    8,
    3,
    3,
    6,
    5,
    3,
    4,
    1,
    6,
    0,
    5,
    4,
    4,
    3,
    8,
    3,
    7,
    4,
    3,
    7,
    2,
    3,
    4,
    4,
    7,
    8,
    2,
    1,
    0,
    6,
    0,
    7,
    3,
    0,
    6,
    8,
    6,
    3,
    5,
    5,
    1,
    5,
    8,
    1,
    5,
    8,
    2,
    6,
    6,
    4,
    2,
    3,
    0,
    6,
    2,
    8,
    5,
    5,
    7,
    6,
    0,
    3,
    4,
    3,
    1,
    2,
    3,
    8,
    3,
    1,
    2,
    2,
    6,
    3,
    1,
    8,
    7,
    3,
    1,
    8,
    3,
    5,
    4,
    2,
    8,
    3,
    2,
    2,
    1,
    0,
    1,
    1,
    5,
    4,
    4,
    6,
    3,
    7,
    4,
    6
  ],
  "topic_sizes": {
    "4": 115,
    "2": 128,
    "6": 96,
    "1": 146,
    "8": 79,
    "3": 128,
    "5": 108,
    "7": 87,
    "0": 161,
    "9": 13
  },
  "topic_mapper": [
    [
      0,
      0,
      4
    ],
    [
      1,
      1,
      5
    ],
    [
      2,
      2,
      3
    ],
    [
      3,
      3,
      6
    ],
    [
      4,
      4,
      7
    ],
    [
      5,
      5,
      9
    ],
    [
      6,
      6,
      8
    ],
    [
      7,
      7,
      2
    ],
    [
      8,
      8,
      1
    ],
    [
      9,
      9,
      0
    ]
  ],
  "topic_labels": {
    "0": "0_people_say_applause_know",
    "1": "1_year_people_america_world",
    "2": "2_government_states_make_united",
    "3": "3_world_people_peace_war",
    "4": "4_government_law_states_make",
    "5": "5_people_government_world_nation",
    "6": "6_states_united states_united_government",
    "7": "7_government_states_make_congress",
    "8": "8_states_united states_united_government",
    "9": "9_mr_president_think_say"
  },
  "custom_labels": null,
  "_outliers": 0,
  "topic_aspects": {}
}